CREATE TABLE tbl_cust_202301 (
	cust_no CHAR(4) NOT NULL PRIMARY KEY,
	cust_name VARCHAR2(14),
	cust_tell VARCHAR2(11)
);

INSERT INTO tbl_cust_202301 VALUES ('1001','박선수','01011112222');
INSERT INTO tbl_cust_202301 VALUES ('1002','백선수','01011113333');
INSERT INTO tbl_cust_202301 VALUES ('1003','채선수','01011114444');
INSERT INTO tbl_cust_202301 VALUES ('1004','임선수','01011115555');
INSERT INTO tbl_cust_202301 VALUES ('1005','한선수','01011116666');

CREATE TABLE tbl_court_202301 (
	court_no CHAR(4) NOT NULL PRIMARY KEY,
	used_flag CHAR(1)
);

INSERT INTO tbl_court_202301 VALUES ('C001','N');
INSERT INTO tbl_court_202301 VALUES ('C002','N');
INSERT INTO tbl_court_202301 VALUES ('C003','N');
INSERT INTO tbl_court_202301 VALUES ('C004','N');
INSERT INTO tbl_court_202301 VALUES ('C005','N');
INSERT INTO tbl_court_202301 VALUES ('C006','N');
INSERT INTO tbl_court_202301 VALUES ('C007','N');
INSERT INTO tbl_court_202301 VALUES ('C008','N');
INSERT INTO tbl_court_202301 VALUES ('C009','N');

CREATE TABLE tbl_resv_202301 (
	resv_no CHAR(8) NOT NULL PRIMARY KEY,
	resv_date CHAR(8),
	court_no CHAR(4),
	cust_no CHAR(4)
);

INSERT INTO tbl_resv_202301 VALUES ('20230001','20230101','C001','1005');
INSERT INTO tbl_resv_202301 VALUES ('20230002','20230101','C002','1004');
INSERT INTO tbl_resv_202301 VALUES ('20230003','20230101','C003','1003');
INSERT INTO tbl_resv_202301 VALUES ('20230004','20230101','C004','1002');
INSERT INTO tbl_resv_202301 VALUES ('20230005','20230101','C005','1001');